"FDR","pow"
0.031700288184438,1
0.064066852367688,1
0.0769230769230769,1
0.111111111111111,1
0.176470588235294,1
0.231121281464531,1
0.27741935483871,1
0.312883435582822,1
0.35755258126195,1
0.386861313868613,1
0.434343434343434,1
0.496251874062969,1
0.535269709543568,1
0.584672435105068,1
0.651813471502591,1
0.692307692307692,1
0.727935222672065,1
0.769547325102881,1
0.794746487477092,1
0.797223898611949,1
0.797223898611949,1
0.797223898611949,1
