"FDR","pow"
0.0172413793103448,1
0.05,1
0.0731707317073171,1
0.088,1
0.109375,1
0.129770992366412,1
0.202797202797203,1
0.283018867924528,1
0.321428571428571,1
0.396825396825397,1
0.469767441860465,1
0.488789237668161,1
0.516949152542373,1
0.558139534883721,1
0.613559322033898,1
0.656626506024096,1
0.715,1
0.75054704595186,1
0.792727272727273,1
0.879873551106428,1
0.901213171577123,1
0.92435301924353,1
