"FDR","pow"
0.0342857142857143,1
0.0532212885154062,1
0.0790190735694823,1
0.0913978494623656,1
0.142131979695431,1
0.181598062953995,1
0.215777262180974,1
0.266811279826464,1
0.319919517102616,1
0.356190476190476,1
0.403880070546737,1
0.455716586151369,1
0.488653555219365,1
0.523943661971831,1
0.557591623036649,1
0.617647058823529,1
0.662,1
0.723404255319149,1
0.762973352033661,1
0.791100123609394,1
0.791100123609394,1
0.791100123609394,1
