"FDR","pow"
0.011070110701107,1
0.049645390070922,1
0.0662020905923345,1
0.0758620689655172,1
0.112582781456954,1
0.157232704402516,1
0.2,1
0.273712737127371,1
0.316326530612245,1
0.373831775700935,1
0.423655913978495,1
0.48062015503876,1
0.540308747855918,1
0.614942528735632,1
0.654193548387097,1
0.712137486573577,1
0.774410774410774,1
0.814917127071823,1
0.838066465256798,1
0.838456901748041,1
0.838456901748041,1
0.838456901748041,1
