"FDR","pow"
0.0119402985074627,1
0.0488505747126437,1
0.0702247191011236,1
0.10054347826087,1
0.149100257069409,1
0.20048309178744,1
0.240825688073394,1
0.294243070362473,1
0.36468330134357,1
0.443697478991597,1
0.483619344773791,1
0.542185338865837,1
0.600723763570567,1
0.635863586358636,1
0.674532940019666,1
0.722780569514238,1
0.759272727272727,1
0.778001341381623,1
0.802976190476191,1
0.802976190476191,1
0.802976190476191,1
0.802976190476191,1
