"FDR","pow"
0.0132743362831858,1
0.0346320346320346,1
0.051063829787234,1
0.0785123966942149,1
0.118577075098814,1
0.180147058823529,1
0.251677852348993,1
0.313846153846154,1
0.349854227405248,1
0.4177545691906,1
0.462650602409639,1
0.515217391304348,1
0.556660039761431,1
0.599640933572711,1
0.63562091503268,1
0.679136690647482,1
0.740697674418605,1
0.766492146596859,1
0.80107047279215,1
0.83015993907083,1
0.858502538071066,1
0.858502538071066,1
