"FDR","pow"
0.0118343195266272,1
0.0511363636363636,1
0.0773480662983425,1
0.111702127659574,1
0.165,1
0.219626168224299,1
0.247747747747748,1
0.28936170212766,1
0.366223908918406,1
0.406749555950266,1
0.447019867549669,1
0.499250374812594,1
0.555851063829787,1
0.603795966785291,1
0.689879294336119,1
0.715017064846416,1
0.754231052244297,1
0.778807947019868,1
0.798187311178248,1
0.798187311178248,1
0.798187311178248,1
0.798187311178248,1
