"FDR","pow"
0.0373134328358209,1
0.0652173913043478,1
0.0785714285714286,1
0.107266435986159,1
0.148514851485149,1
0.19375,1
0.238938053097345,1
0.29700272479564,1
0.343511450381679,1
0.416289592760181,1
0.463617463617464,1
0.508571428571429,1
0.546572934973638,1
0.60790273556231,1
0.648021828103683,1
0.72258064516129,1
0.771681415929204,1
0.809171597633136,1
0.838447088290545,1
0.842682926829268,1
0.842682926829268,1
0.842682926829268,1
