"FDR","pow"
0.0240384615384615,1
0.0645161290322581,1
0.0730593607305936,1
0.105726872246696,1
0.184738955823293,1
0.236842105263158,1
0.259124087591241,1
0.30952380952381,1
0.386706948640483,1
0.429775280898876,1
0.478149100257069,1
0.518957345971564,1
0.571729957805907,1
0.625461254612546,1
0.65,1
0.684292379471229,1
0.764227642276423,1
0.79369918699187,1
0.839779005524862,1
0.863666890530557,1
0.872407291011942,1
0.872407291011942,1
