"FDR","pow"
0.036745406824147,1
0.0661577608142494,1
0.0825,1
0.10705596107056,1
0.164009111617312,1
0.21244635193133,1
0.276134122287968,1
0.314018691588785,1
0.379018612521151,1
0.424764890282132,1
0.457902511078287,1
0.510666666666667,1
0.548029556650246,1
0.611228813559322,1
0.654750705550329,1
0.690817186183656,1
0.735209235209235,1
0.776355880560634,1
0.78424456202234,1
0.78424456202234,1
0.78424456202234,1
0.78424456202234,1
