"FDR","pow"
0.0169491525423729,1
0.037344398340249,1
0.072,1
0.10077519379845,1
0.134328358208955,1
0.183098591549296,1
0.210884353741497,1
0.301204819277108,1
0.342776203966006,1
0.397402597402597,1
0.444976076555024,1
0.504273504273504,1
0.536,1
0.584973166368515,1
0.610738255033557,1
0.642526964560863,1
0.689424364123159,1
0.767301905717151,1
0.818039215686274,1
0.840659340659341,1
0.854179761156505,1
0.854179761156505,1
