"FDR","pow"
0.0381679389312977,1
0.0631970260223048,1
0.0902527075812274,1
0.145762711864407,1
0.176470588235294,1
0.210031347962382,1
0.267441860465116,1
0.320754716981132,1
0.401425178147268,1
0.448577680525164,1
0.527204502814259,1
0.568493150684932,1
0.612307692307692,1
0.663551401869159,1
0.705607476635514,1
0.74020618556701,1
0.809235427706283,1
0.84070796460177,1
0.850356294536817,1
0.850356294536817,1
0.850356294536817,1
0.850356294536817,1
