"FDR","pow"
0.0124610591900312,1
0.048048048048048,1
0.056547619047619,1
0.0784883720930233,1
0.133879781420765,1
0.19746835443038,1
0.224938875305623,1
0.287640449438202,1
0.335429769392034,1
0.37843137254902,1
0.431899641577061,1
0.489533011272142,1
0.569877883310719,1
0.607187112763321,1
0.656926406926407,1
0.705663881151346,1
0.75234375,1
0.788384512683578,1
0.805997552019584,1
0.809036144578313,1
0.809036144578313,1
0.809036144578313,1
