"FDR","pow"
0.0236220472440945,1
0.0629722921914358,1
0.0769230769230769,1
0.099273607748184,1
0.140877598152425,1
0.184210526315789,1
0.226611226611227,1
0.269155206286837,1
0.308550185873606,1
0.36734693877551,1
0.401929260450161,1
0.463976945244957,1
0.502673796791444,1
0.563892145369285,1
0.650704225352113,1
0.69,1
0.731795241528479,1
0.772058823529412,1
0.778307508939213,1
0.778307508939213,1
0.778307508939213,1
0.778307508939213,1
