"FDR","pow"
0.0164835164835165,1
0.0478723404255319,1
0.06282722513089,1
0.0913705583756345,1
0.124694376528117,1
0.161592505854801,1
0.220043572984749,1
0.260330578512397,1
0.308880308880309,1
0.349090909090909,1
0.411184210526316,1
0.455098934550989,1
0.512261580381471,1
0.582750582750583,1
0.616291532690247,1
0.640201005025126,1
0.7024106400665,1
0.745919091554294,1
0.784726398075767,1
0.784855769230769,1
0.784855769230769,1
0.784855769230769,1
