"FDR","pow"
0.0183823529411765,0.996268656716418
0.0462633451957295,1
0.0694444444444444,1
0.109634551495017,1
0.138263665594855,1
0.204747774480712,1
0.271739130434783,1
0.312820512820513,1
0.351089588377724,1
0.408388520971302,1
0.458585858585859,1
0.530647985989492,1
0.560655737704918,1
0.619858156028369,1
0.65989847715736,1
0.704194260485651,1
0.747645951035782,1
0.799850634802091,1
0.833125778331258,1
0.835985312117503,1
0.835985312117503,1
0.835985312117503,1
