"FDR","pow"
0.0222222222222222,1
0.0687830687830688,1
0.106598984771574,1
0.145631067961165,1
0.207207207207207,1
0.241379310344828,1
0.284552845528455,1
0.333333333333333,1
0.388888888888889,1
0.434083601286174,1
0.469879518072289,1
0.523035230352303,1
0.561097256857855,1
0.600907029478458,1
0.626326963906582,1
0.663479923518164,1
0.714285714285714,1
0.79511059371362,1
0.852596314907873,1
0.887539936102236,1
0.889585947302384,1
0.889585947302384,1
