"FDR","pow"
0.0274914089347079,1
0.0471380471380471,1
0.0598006644518272,1
0.0958466453674121,1
0.13719512195122,1
0.200564971751412,1
0.224657534246575,1
0.28894472361809,1
0.322966507177034,1
0.38074398249453,1
0.427125506072874,1
0.497335701598579,1
0.529900332225914,1
0.585651537335286,1
0.625165562913907,1
0.688668866886689,1
0.730988593155893,1
0.76218487394958,1
0.810448760884126,1
0.824659231722429,1
0.824659231722429,1
0.824659231722429,1
