"FDR","pow"
0.0242587601078167,1
0.0448548812664908,1
0.0741687979539642,1
0.0972568578553616,1
0.138095238095238,1
0.188340807174888,1
0.236286919831224,1
0.277445109780439,1
0.320825515947467,1
0.383304940374787,1
0.424483306836248,1
0.487252124645892,1
0.540609137055838,1
0.581986143187067,1
0.654909437559581,1
0.695286195286195,1
0.725965177895534,1
0.765087605451006,1
0.784009546539379,1
0.784009546539379,1
0.784009546539379,1
0.784009546539379,1
