"FDR","pow"
0.0272727272727273,1
0.036036036036036,1
0.0572687224669604,1
0.119341563786008,1
0.154150197628458,1
0.195488721804511,1
0.254355400696864,1
0.311897106109325,1
0.349544072948328,1
0.393767705382436,1
0.44559585492228,1
0.497652582159624,1
0.531728665207877,1
0.572854291417166,1
0.640939597315436,1
0.693848354792561,1
0.760626398210291,1
0.833203429462198,1
0.868226600985222,1
0.868711656441718,1
0.868711656441718,1
0.868711656441718,1
