"FDR","pow"
0.0220820189274448,1
0.0461538461538462,1
0.0718562874251497,1
0.109195402298851,1
0.164420485175202,1
0.245742092457421,1
0.293849658314351,1
0.327548806941432,1
0.393346379647749,1
0.435336976320583,1
0.492635024549918,1
0.547445255474453,1
0.601542416452442,1
0.645308924485126,1
0.709193245778612,1
0.74036850921273,1
0.787671232876712,1
0.810860280658938,1
0.814593301435407,1
0.814593301435407,1
0.814593301435407,1
0.814593301435407,1
