"FDR","pow"
0.00958466453674121,1
0.049079754601227,1
0.0577507598784195,1
0.0882352941176471,1
0.126760563380282,1
0.17989417989418,1
0.24390243902439,1
0.311111111111111,1
0.360824742268041,1
0.401544401544402,1
0.439421338155515,1
0.495114006514658,1
0.535232383808096,1
0.596879063719116,1
0.675052410901468,1
0.714811407543698,1
0.748376623376623,1
0.791806581598388,1
0.814037192561488,1
0.814148681055156,1
0.814148681055156,1
0.814148681055156,1
