"FDR","pow"
0.0248756218905473,1
0.0841121495327103,1
0.105022831050228,1
0.14410480349345,1
0.183333333333333,1
0.225296442687747,1
0.265917602996255,1
0.317073170731707,1
0.369774919614148,1
0.398773006134969,1
0.446327683615819,1
0.493540051679587,1
0.553530751708428,1
0.622350674373796,1
0.676567656765677,1
0.746442432082794,1
0.795407098121086,1
0.823423423423423,1
0.861777150916784,1
0.87719298245614,1
0.878109452736318,1
0.878109452736318,1
