"FDR","pow"
0.00664451827242525,1
0.0477707006369427,1
0.0685358255451713,1
0.0993975903614458,1
0.150568181818182,1
0.211081794195251,1
0.254364089775561,1
0.296470588235294,1
0.359743040685225,1
0.388548057259714,1
0.446296296296296,1
0.520064205457464,1
0.54,1
0.573466476462197,1
0.605019815059445,1
0.650700934579439,1
0.760032102728732,1
0.801592568015926,1
0.821065230400957,1
0.821065230400957,1
0.821065230400957,1
0.821065230400957,1
