"FDR","pow"
0.00881057268722467,1
0.0343347639484979,1
0.0506329113924051,1
0.0890688259109312,1
0.131274131274131,1
0.181818181818182,1
0.22680412371134,1
0.278846153846154,1
0.3202416918429,1
0.366197183098592,1
0.4140625,1
0.456521739130435,1
0.495515695067265,1
0.537037037037037,1
0.616695059625213,1
0.666666666666667,1
0.722222222222222,1
0.783861671469741,1
0.854463130659767,1
0.861793611793612,1
0.861878453038674,1
0.861878453038674,1
