"FDR","pow"
0.00958466453674121,1
0.0220820189274448,1
0.0342679127725857,1
0.0577507598784195,1
0.106628242074928,1
0.17989417989418,1
0.228855721393035,1
0.263657957244656,1
0.336188436830835,1
0.38,1
0.429097605893186,1
0.480737018425461,1
0.509493670886076,1
0.553314121037464,1
0.598965071151358,1
0.667381974248927,1
0.703632887189293,1
0.725420726306466,1
0.771891096394408,1
0.794837855724686,1
0.807453416149068,1
0.807453416149068,1
