"FDR","pow"
0.0211267605633803,1
0.0501138952164009,1
0.0691964285714286,1
0.0993520518358531,1
0.147239263803681,1
0.190291262135922,1
0.240437158469945,1
0.274782608695652,1
0.311881188118812,1
0.365296803652968,1
0.413502109704641,1
0.455613577023499,1
0.509988249118684,1
0.55779427359491,1
0.616022099447514,1
0.673197492163009,1
0.712413793103448,1
0.73574144486692,1
0.754127358490566,1
0.754127358490566,1
0.754127358490566,1
0.754127358490566,1
