"FDR","pow"
0.00641025641025641,1
0.0372670807453416,1
0.0773809523809524,1
0.119318181818182,1
0.143646408839779,1
0.171122994652406,1
0.221105527638191,1
0.317180616740088,1
0.364754098360656,1
0.401544401544402,1
0.438405797101449,1
0.491803278688525,1
0.554597701149425,1
0.581081081081081,1
0.642857142857143,1
0.688128772635815,1
0.715073529411765,1
0.744645799011532,1
0.795514511873351,1
0.844844844844845,1
0.898560209424084,1
0.899481193255512,1
