"FDR","pow"
0.0136239782016349,1
0.0448548812664908,1
0.0572916666666667,1
0.0812182741116751,1
0.14218009478673,1
0.199115044247788,1
0.25360824742268,1
0.306513409961686,1
0.366024518388792,1
0.419871794871795,1
0.452344931921331,1
0.499308437067773,1
0.544654088050314,1
0.591422121896163,1
0.638361638361638,1
0.680494263018535,1
0.74738311235171,1
0.772470144563168,1
0.78680800942285,1
0.78680800942285,1
0.78680800942285,1
0.78680800942285,1
