"FDR","pow"
0.0196078431372549,1
0.0494296577946768,1
0.0774907749077491,1
0.103942652329749,1
0.140893470790378,1
0.193548387096774,1
0.277456647398844,1
0.316939890710383,1
0.354005167958656,1
0.41588785046729,1
0.468085106382979,1
0.506903353057199,1
0.568965517241379,1
0.631268436578171,1
0.69249692496925,1
0.724366041896362,1
0.783549783549784,1
0.832102081934184,1
0.849939975990396,1
0.850299401197605,1
0.850299401197605,1
0.850299401197605,1
