"FDR","pow"
0.0337078651685393,1
0.0652173913043478,1
0.0802139037433155,1
0.0994764397905759,1
0.144278606965174,1
0.196261682242991,1
0.248908296943231,1
0.286307053941909,1
0.338461538461538,1
0.387900355871886,1
0.428571428571429,1
0.502890173410405,1
0.543766578249337,1
0.573200992555831,1
0.640918580375783,1
0.700869565217391,1
0.758087201125176,1
0.806306306306306,1
0.857379767827529,1
0.887065003282994,1
0.891345546430828,1
0.891345546430828,1
