"FDR","pow"
0.00446428571428571,1
0.0387931034482759,1
0.0590717299578059,1
0.0934959349593496,1
0.152091254752852,1
0.194945848375451,1
0.254180602006689,1
0.287539936102236,1
0.340236686390533,1
0.37883008356546,1
0.431122448979592,1
0.502232142857143,1
0.561023622047244,1
0.596014492753623,1
0.630182421227197,1
0.68188302425107,1
0.74859075535513,1
0.795036764705882,1
0.843618513323983,1
0.862175525339926,1
0.862175525339926,1
0.862175525339926,1
