"FDR","pow"
0.0189125295508274,1
0.0503432494279176,1
0.0589569160997732,1
0.0899122807017544,1
0.133611691022964,1
0.164989939637827,1
0.206500956022945,1
0.264184397163121,1
0.312913907284768,1
0.359567901234568,1
0.429945054945055,1
0.464516129032258,1
0.51061320754717,1
0.560846560846561,1
0.599420849420849,1
0.657873042044518,1
0.69574780058651,1
0.74833232261977,1
0.752829064919595,1
0.752829064919595,1
0.752829064919595,1
0.752829064919595,1
