"FDR","pow"
0.0220994475138122,1
0.0585106382978723,1
0.0732984293193717,1
0.10831234256927,1
0.149038461538462,1
0.200902934537246,1
0.223684210526316,1
0.290581162324649,1
0.344444444444444,1
0.387543252595156,1
0.439873417721519,1
0.492836676217765,1
0.544987146529563,1
0.572979493365501,1
0.647761194029851,1
0.694827586206897,1
0.745689655172414,1
0.774234693877551,1
0.788023952095808,1
0.788023952095808,1
0.788023952095808,1
0.788023952095808,1
