"FDR","pow"
0.0171232876712329,1
0.0496688741721854,1
0.0741935483870968,1
0.0974842767295598,1
0.155882352941176,1
0.198324022346369,1
0.240740740740741,1
0.286069651741294,1
0.308433734939759,1
0.34624145785877,1
0.376086956521739,1
0.432806324110672,1
0.470479704797048,1
0.511904761904762,1
0.611637347767253,1
0.680400890868597,1
0.720817120622568,1
0.772402854877082,1
0.818239392020266,1
0.824142156862745,1
0.824142156862745,1
0.824142156862745,1
