"FDR","pow"
0.0244360902255639,1
0.0441988950276243,1
0.0648648648648649,1
0.0989583333333333,1
0.147783251231527,1
0.199074074074074,1
0.23900293255132,1
0.273109243697479,1
0.312582781456954,1
0.358467243510507,1
0.407534246575342,1
0.468237704918033,1
0.528181818181818,1
0.576672104404568,1
0.61527057079318,1
0.678039702233251,1
0.707605633802817,1
0.709569110240627,1
0.709569110240627,1
0.709569110240627,1
0.709569110240627,1
0.709569110240627,1
