"FDR","pow"
0.0168918918918919,1
0.0459016393442623,1
0.0612903225806452,1
0.126126126126126,1
0.177966101694915,1
0.228116710875332,1
0.283251231527094,1
0.335616438356164,1
0.382165605095541,1
0.428290766208251,1
0.506779661016949,1
0.557750759878419,1
0.603542234332425,1
0.682660850599782,1
0.716650438169426,1
0.759504132231405,1
0.798755186721992,1
0.828621908127208,1
0.828621908127208,1
0.828621908127208,1
0.828621908127208,1
0.828621908127208,1
