"FDR","pow"
0.0159574468085106,1
0.0463917525773196,1
0.0609137055837563,1
0.0997566909975669,1
0.153318077803204,1
0.209401709401709,1
0.251012145748988,1
0.307116104868914,1
0.346289752650177,1
0.389438943894389,1
0.466089466089466,1
0.5,1
0.544334975369458,1
0.580022701475596,1
0.627766599597586,1
0.688026981450253,1
0.71969696969697,1
0.755775577557756,1
0.778443113772455,1
0.778443113772455,1
0.778443113772455,1
0.778443113772455,1
