"FDR","pow"
0.0178571428571429,1
0.0537634408602151,1
0.0736842105263158,1
0.0927835051546392,1
0.133858267716535,1
0.183673469387755,1
0.233449477351916,1
0.299363057324841,1
0.349112426035503,1
0.380281690140845,1
0.42257217847769,1
0.483568075117371,1
0.522776572668113,1
0.565217391304348,1
0.602888086642599,1
0.646302250803859,1
0.688164422395464,1
0.730392156862745,1
0.738095238095238,1
0.738095238095238,1
0.738095238095238,1
0.738095238095238,1
