"FDR","pow"
0.0198675496688742,1
0.0691823899371069,1
0.0920245398773006,1
0.134502923976608,1
0.184573002754821,1
0.248730964467005,1
0.288461538461538,1
0.31322505800464,1
0.355119825708061,1
0.399594320486815,1
0.45985401459854,1
0.479789103690685,1
0.525641025641026,1
0.569141193595342,1
0.619537275064267,1
0.687103594080338,1
0.747440273037543,1
0.783467446964155,1
0.81371932032725,1
0.820931639443436,1
0.820931639443436,1
0.820931639443436,1
